record_id,account_id,ticket_date,issue_category,resolution_time_hours
SUP-000751,CUST-0259,2023-06-27,Bug,19.589289748817286
SUP-000368,CUST-0130,2023-09-11,Billing,20.080209504706882
SUP-000775,CUST-0264,2023-09-07,Onboarding,14.736057891593143
SUP-000829,CUST-0278,2024-01-08,Onboarding,24.03939885729675
SUP-001041,CUST-0353,2023-10-26,Feature Request,3.1181931008261703
SUP-000385,CUST-0138,2023-12-09,Bug,20.1067880237058
SUP-001127,CUST-0377,2023-10-02,Billing,0.9615484789291022
SUP-000169,CUST-0058,2023-06-18,Bug,0.5
SUP-000893,CUST-0296,2023-10-07,Billing,8.524983719105373
SUP-000047,CUST-0015,2024-05-06,Bug,20.643532301793584
SUP-000529,CUST-0182,2024-05-23,Onboarding,25.56680450871587
SUP-000970,CUST-0326,2024-04-07,Billing,17.77778140397499
SUP-001135,CUST-0383,2024-05-05,Billing,8.252776020811854
SUP-000193,CUST-0067,2024-05-12,Onboarding,0.5
SUP-000683,CUST-0231,2023-06-01,Feature Request,0.5
SUP-000439,CUST-0156,2024-04-27,Onboarding,13.64223657168874
SUP-000394,CUST-0141,2024-05-01,Onboarding,26.75901002351901
SUP-001029,CUST-0350,2023-09-10,Feature Request,25.223776141737893
SUP-001045,CUST-0354,2024-02-11,Billing,20.524581294119432
SUP-000912,CUST-0302,2024-03-01,Onboarding,11.354435529526345
SUP-000596,CUST-0201,2024-03-13,Billing,3.8374661087477824
SUP-000467,CUST-0162,2023-06-18,Billing,0.5
SUP-000639,CUST-0215,2023-07-22,Bug,
SUP-000329,CUST-0115,2024-05-28,Billing,9.56858127782602
SUP-000720,CUST-0245,2023-06-14,Billing,6.112433877813662
SUP-000333,CUST-0117,2023-09-30,Bug,10.03865101196313
SUP-001034,CUST-0351,2023-09-01,Feature Request,2.7317917369193125
SUP-000326,CUST-0115,2024-06-09,Billing,0.5
SUP-000491,CUST-0172,2024-03-29,Feature Request,3.6946935287081875
SUP-000298,CUST-0103,2023-10-12,Bug,25.680714152218254
SUP-000166,CUST-0058,2024-02-04,Billing,0.5
SUP-000126,CUST-0041,2023-07-24,Bug,0.5
SUP-000549,CUST-0188,2023-07-14,Billing,26.422278269710585
SUP-001037,CUST-0352,2024-04-06,Onboarding,5.858782783586189
SUP-000897,CUST-0297,2023-06-03,Feature Request,
SUP-000120,CUST-0039,2024-04-08,Billing,8.210358535765048
SUP-000194,CUST-0067,2024-04-23,Bug,1.9265505570493846
SUP-000854,CUST-0284,2023-08-04,Bug,9.2759988929795
SUP-000019,CUST-0006,2024-05-26,Onboarding,3.0404153469605344
SUP-000171,CUST-0059,2023-10-03,Feature Request,14.946269657634375
SUP-000211,CUST-0073,2024-05-23,Onboarding,9.678044003697057
SUP-001000,CUST-0335,2023-07-20,Feature Request,12.202379677881318
SUP-001084,CUST-0366,2024-06-11,Onboarding,9.061670883707665
SUP-000530,CUST-0183,2024-03-05,Feature Request,17.5962783358987
SUP-000676,CUST-0228,2024-06-28,Onboarding,11.66257909456156
SUP-000029,CUST-0010,2023-09-30,Onboarding,1.6776136221972031
SUP-000279,CUST-0098,2024-04-23,Onboarding,0.5
SUP-000468,CUST-0163,2023-12-27,Feature Request,29.533976575891824
SUP-000387,CUST-0139,2024-06-10,Feature Request,7.805220798894384
SUP-000488,CUST-0171,2023-07-20,Onboarding,17.94423142031888
SUP-000192,CUST-0067,2024-05-27,Feature Request,0.5
SUP-000673,CUST-0227,2024-05-03,Bug,23.795304281464134
SUP-001050,CUST-0356,2023-10-31,Bug,7.3715631711182406
SUP-000508,CUST-0177,2024-02-13,Bug,0.5
SUP-000321,CUST-0111,2024-05-20,Bug,27.207993921382275
SUP-000631,CUST-0212,2024-04-14,Billing,33.92731064054097
SUP-000656,CUST-0220,2023-11-28,Feature Request,16.376308002665777
SUP-000618,CUST-0207,2023-06-27,Feature Request,11.827226451228656
SUP-000357,CUST-0128,2023-09-27,Onboarding,0.5
SUP-000603,CUST-0204,2023-09-28,Bug,23.191283390768362
SUP-000949,CUST-0319,2024-03-24,Billing,8.253792226926638
SUP-001092,CUST-0367,2023-08-20,Billing,
SUP-000244,CUST-0086,2024-02-28,Bug,15.870917692055405
SUP-000857,CUST-0284,2023-10-16,Onboarding,14.177003738127755
SUP-000968,CUST-0325,2024-05-16,Onboarding,18.035579904358315
SUP-000697,CUST-0236,2024-02-08,Feature Request,7.231914688506688
SUP-000133,CUST-0044,2024-04-15,Bug,27.07222778686632
SUP-000852,CUST-0283,2024-03-22,Bug,3.45970724043604
SUP-000378,CUST-0133,2024-02-02,Bug,13.722443738120306
SUP-000383,CUST-0137,2024-03-25,Billing,2.4722020757053453
SUP-000350,CUST-0124,2023-12-31,Feature Request,13.288751585060673
SUP-000056,CUST-0017,2023-08-05,Billing,25.464500263126098
SUP-000504,CUST-0176,2024-06-10,Billing,14.687859703199496
SUP-000179,CUST-0063,2024-06-09,Onboarding,26.756260357203935
SUP-000645,CUST-0217,2024-04-02,Billing,16.372899397746586
SUP-000506,CUST-0176,2024-05-18,Billing,0.5
SUP-000310,CUST-0106,2023-12-08,Bug,0.5
SUP-000999,CUST-0335,2024-05-09,Feature Request,18.771751058632653
SUP-000261,CUST-0093,2023-10-18,Billing,10.634225431706813
SUP-000610,CUST-0205,2024-04-03,Billing,0.5
SUP-001112,CUST-0372,2023-06-21,Billing,0.5
SUP-000622,CUST-0208,2023-07-17,Onboarding,30.408754500707012
SUP-000375,CUST-0132,2024-06-13,Feature Request,3.2520293360159807
SUP-001133,CUST-0381,2023-12-29,Billing,19.837900167295725
SUP-000027,CUST-0009,2023-11-26,Bug,22.954642820776805
SUP-000902,CUST-0299,2023-09-06,Onboarding,34.30043336797415
SUP-000316,CUST-0109,2024-06-25,Feature Request,0.5
SUP-001012,CUST-0345,2024-05-17,Feature Request,11.045601144759221
SUP-000482,CUST-0166,2023-11-25,Bug,12.859124216889994
SUP-000583,CUST-0196,2024-02-15,Bug,11.836759692538147
SUP-000023,CUST-0008,2023-06-09,Bug,3.042124248926833
SUP-000456,CUST-0160,2023-10-10,Bug,3.2887705122859967
SUP-000303,CUST-0105,2023-07-03,Feature Request,0.5
SUP-000888,CUST-0295,2023-12-03,Bug,17.289109760044663
SUP-000225,CUST-0077,2023-11-27,Feature Request,19.757100292646484
SUP-000365,CUST-0129,2024-03-19,Feature Request,28.63415524256221
SUP-001008,CUST-0342,2024-01-05,Billing,13.653582079966382
SUP-000757,CUST-0260,2024-02-02,Billing,0.5
SUP-000711,CUST-0241,2023-06-18,Feature Request,11.332387048725415
SUP-001099,CUST-0369,2024-04-20,Onboarding,0.5
SUP-000586,CUST-0197,2023-08-08,Onboarding,7.531217527742276
SUP-000606,CUST-0205,2023-11-02,Bug,8.077480593231444
SUP-001046,CUST-0354,2023-08-29,Feature Request,9.641763906457548
SUP-001039,CUST-0353,2023-07-03,Billing,15.23532090926069
SUP-000661,CUST-0221,2023-09-11,Billing,11.928783789563361
SUP-000322,CUST-0111,2024-01-02,Feature Request,25.63806935529681
SUP-000994,CUST-0332,2023-11-29,Onboarding,0.5
SUP-000189,CUST-0067,2023-09-25,Bug,7.783078922108471
SUP-000865,CUST-0287,2023-11-02,Billing,11.189199723563984
SUP-000617,CUST-0207,2023-07-22,Bug,2.886767241361399
SUP-000099,CUST-0031,2023-08-02,Onboarding,25.916902547001833
SUP-000863,CUST-0286,2024-03-01,Feature Request,20.35599467151573
SUP-000464,CUST-0161,2023-09-16,Bug,18.23687410311141
SUP-000872,CUST-0288,2024-03-03,Billing,5.1480408833071305
SUP-000521,CUST-0181,2024-04-26,Feature Request,19.85301172098024
SUP-000877,CUST-0289,2023-12-12,Bug,17.531172516874328
SUP-000626,CUST-0209,2023-11-03,Onboarding,21.84393098771229
SUP-000382,CUST-0137,2023-10-19,Billing,0.5
SUP-000703,CUST-0238,2024-06-04,Billing,8.33182343888407
SUP-000910,CUST-0302,2024-04-10,Billing,18.845444647006723
SUP-000905,CUST-0300,2023-10-04,Bug,25.128424902378203
SUP-001138,CUST-0383,2023-09-14,Billing,0.5
SUP-000163,CUST-0057,2024-05-05,Onboarding,11.049588033708776
SUP-000239,CUST-0083,2024-06-20,Billing,14.465325061135545
SUP-000933,CUST-0314,2023-11-22,Feature Request,5.316468480937875
SUP-000951,CUST-0320,2024-06-20,Billing,16.683675781927093
SUP-000198,CUST-0068,2023-10-20,Bug,6.6435654311772705
SUP-001042,CUST-0353,2023-12-28,Bug,7.956919666876768
SUP-000037,CUST-0013,2024-03-01,Feature Request,0.5
SUP-000079,CUST-0025,2023-08-04,Feature Request,
SUP-000186,CUST-0065,2024-01-24,Feature Request,18.331769509473922
SUP-000681,CUST-0230,2023-10-17,Onboarding,22.971732289031774
SUP-000572,CUST-0193,2023-09-25,Feature Request,9.370649057452058
SUP-000111,CUST-0036,2023-06-20,Onboarding,19.036507001222002
SUP-000630,CUST-0211,2024-01-05,Onboarding,14.40131475684024
SUP-001105,CUST-0370,2023-06-09,Onboarding,9.184933957517174
SUP-000397,CUST-0141,2023-10-25,Bug,28.3346884271221
SUP-001061,CUST-0359,2023-08-16,Feature Request,27.684161513716848
SUP-000312,CUST-0108,2023-10-23,Onboarding,14.118430525121553
SUP-000729,CUST-0247,2023-10-05,Feature Request,9.582076206343618
SUP-000967,CUST-0325,2023-08-28,Onboarding,6.417775444725859
SUP-000811,CUST-0273,2023-07-21,Onboarding,11.831523820111716
SUP-001087,CUST-0366,2023-10-13,Bug,6.376915480007271
SUP-000590,CUST-0197,2023-06-06,Feature Request,10.328300953036612
SUP-000364,CUST-0129,2023-11-01,Onboarding,30.21785066430929
SUP-000663,CUST-0223,2024-01-12,Onboarding,38.05938702896165
SUP-000428,CUST-0151,2023-09-16,Onboarding,25.201225952396893
SUP-000338,CUST-0118,2023-06-12,Bug,10.190595798333684
SUP-000932,CUST-0313,2024-05-27,Bug,16.31364484072972
SUP-000246,CUST-0087,2024-01-24,Bug,23.963047021716363
SUP-000412,CUST-0146,2024-06-19,Feature Request,12.00324020935398
SUP-000285,CUST-0099,2023-06-20,Billing,20.031579352194868
SUP-000048,CUST-0015,2023-07-14,Onboarding,12.719367326737391
SUP-000633,CUST-0212,2023-07-18,Onboarding,28.43272669155283
SUP-000222,CUST-0076,2024-02-01,Bug,25.014105368100324
SUP-000036,CUST-0013,2023-09-29,Onboarding,1.456170840815859
SUP-000119,CUST-0038,2023-12-14,Bug,0.5
SUP-000578,CUST-0195,2024-01-25,Onboarding,6.097799570145024
SUP-000712,CUST-0243,2024-05-29,Billing,12.373055562651123
SUP-000411,CUST-0146,2023-09-14,Billing,8.773749555711266
SUP-001074,CUST-0362,2024-01-06,Onboarding,10.306053178480264
SUP-000571,CUST-0193,2024-06-26,Bug,9.964471602623831
SUP-000568,CUST-0191,2023-09-10,Onboarding,6.0930351589887755
SUP-001090,CUST-0367,2023-06-27,Feature Request,7.885402727786882
SUP-000797,CUST-0270,2023-06-06,Bug,1.3557624689254286
SUP-000565,CUST-0191,2024-06-05,Onboarding,5.548114803692776
SUP-001155,CUST-0389,2023-12-03,Onboarding,7.23651655593094
SUP-000421,CUST-0150,2023-12-13,Billing,5.646371516690035
SUP-000807,CUST-0272,2023-07-12,Billing,3.2975925742871266
SUP-000566,CUST-0191,2023-11-03,Onboarding,5.112298721455681
SUP-001051,CUST-0356,2024-06-27,Feature Request,12.02270746710391
SUP-000789,CUST-0267,2024-01-31,Feature Request,0.5
SUP-000658,CUST-0221,2024-05-28,Feature Request,9.99046139783526
SUP-000283,CUST-0099,2024-03-14,Feature Request,9.256967510276892
SUP-000305,CUST-0106,2024-03-28,Feature Request,4.09507260108114
SUP-000911,CUST-0302,2024-03-17,Billing,13.755464713758776
SUP-000207,CUST-0070,2023-09-18,Billing,10.971990458743088
SUP-000309,CUST-0106,2024-04-29,Onboarding,1.310363549140794
SUP-000533,CUST-0184,2023-09-19,Bug,17.189512769225473
SUP-001130,CUST-0377,2024-06-12,Feature Request,0.5
SUP-000934,CUST-0314,2024-01-14,Onboarding,0.5
SUP-000514,CUST-0179,2023-06-14,Onboarding,16.369790617459973
SUP-000894,CUST-0296,2023-06-19,Billing,7.109256182951959
SUP-000090,CUST-0029,2023-11-05,Billing,12.390709298015203
SUP-000236,CUST-0082,2023-07-08,Feature Request,13.861285637223421
SUP-000876,CUST-0289,2023-07-13,Feature Request,13.419109252689774
SUP-000306,CUST-0106,2024-04-15,Billing,10.907736089375703
SUP-000601,CUST-0203,2024-04-20,Billing,16.044459256660346
SUP-000528,CUST-0182,2024-04-27,Billing,26.953796571517607
SUP-000245,CUST-0086,2024-01-28,Onboarding,19.10533937407776
SUP-000625,CUST-0209,2023-08-07,Bug,18.059310170471697
SUP-000367,CUST-0130,2024-02-07,Feature Request,26.62803697896014
SUP-000335,CUST-0118,2024-04-24,Onboarding,11.633409440903499
SUP-000284,CUST-0099,2024-01-05,Bug,22.662190470407186
SUP-001049,CUST-0355,2023-11-01,Feature Request,
SUP-000228,CUST-0077,2024-06-03,Billing,17.80039506822799
SUP-000976,CUST-0327,2024-04-17,Feature Request,4.564986164170209
SUP-000946,CUST-0317,2023-12-17,Billing,0.5
SUP-000669,CUST-0225,2024-04-15,Feature Request,6.872827591003675
SUP-000560,CUST-0190,2023-08-04,Billing,12.098989486524243
SUP-000660,CUST-0221,2023-09-17,Onboarding,8.082187946343279
SUP-000320,CUST-0110,2023-07-01,Bug,0.5
SUP-000784,CUST-0266,2023-12-02,Billing,3.7106541796922787
SUP-000113,CUST-0037,2023-08-23,Feature Request,12.758484970026581
SUP-000512,CUST-0178,2023-11-06,Billing,
SUP-001056,CUST-0357,2024-04-10,Onboarding,13.549937459785985
SUP-000510,CUST-0178,2023-08-20,Bug,23.245376843520017
SUP-000074,CUST-0023,2023-10-17,Bug,28.769687040645806
SUP-000429,CUST-0152,2024-04-30,Billing,0.5
SUP-000129,CUST-0044,2023-08-18,Billing,20.496210077382294
SUP-000996,CUST-0333,2023-07-13,Feature Request,17.593696178185898
SUP-000219,CUST-0074,2023-09-20,Billing,16.644608969052538
SUP-000150,CUST-0051,2024-04-17,Onboarding,14.587603417121935
SUP-000524,CUST-0181,2024-01-17,Feature Request,15.401504603969391
SUP-000525,CUST-0182,2023-10-15,Onboarding,28.657860457761785
SUP-000677,CUST-0228,2024-06-16,Billing,3.3206067276106666
SUP-000188,CUST-0066,2023-09-26,Billing,15.596822496454076
SUP-000547,CUST-0187,2023-10-06,Billing,16.19935975916606
SUP-000580,CUST-0195,2024-02-21,Feature Request,7.9566456204549985
SUP-000503,CUST-0176,2024-02-23,Onboarding,5.943789283045587
SUP-000032,CUST-0011,2024-01-24,Feature Request,13.940456025868302
SUP-001122,CUST-0374,2024-06-25,Feature Request,5.9675940869726745
SUP-000003,CUST-0001,2024-06-17,Onboarding,34.18219893056411
SUP-000041,CUST-0014,2023-09-25,Feature Request,19.602015220222174
SUP-000091,CUST-0029,2024-04-21,Billing,24.098194222355566
SUP-001059,CUST-0359,2024-04-01,Feature Request,22.14504104489387
SUP-000046,CUST-0015,2024-02-10,Feature Request,16.14393650700143
SUP-000167,CUST-0058,2024-04-01,Bug,0.5
SUP-000884,CUST-0294,2023-12-02,Bug,7.534696140214988
SUP-000401,CUST-0143,2023-12-06,Billing,0.5
SUP-000501,CUST-0176,2023-06-22,Billing,6.898034197074483
SUP-000081,CUST-0027,2023-10-04,Bug,15.354875530687607
SUP-000422,CUST-0150,2023-08-11,Billing,8.962800748440504
SUP-000733,CUST-0247,2024-03-10,Bug,8.719196349188937
SUP-000233,CUST-0079,2023-07-29,Onboarding,18.64617728451159
SUP-000602,CUST-0204,2023-11-09,Onboarding,33.312716138962784
SUP-000230,CUST-0079,2024-03-15,Bug,21.756659957410996
SUP-001128,CUST-0377,2023-10-21,Billing,
SUP-000043,CUST-0014,2023-09-04,Billing,16.381483472625426
SUP-000270,CUST-0096,2023-10-03,Feature Request,40.77211273166653
SUP-001110,CUST-0372,2023-08-21,Onboarding,0.5
SUP-000404,CUST-0144,2023-12-07,Onboarding,15.833860080135711
SUP-000345,CUST-0121,2023-12-13,Feature Request,15.43354977117437
SUP-001145,CUST-0387,2024-03-19,Feature Request,35.57695098822255
SUP-000564,CUST-0191,2024-06-02,Billing,8.178330912688637
SUP-000878,CUST-0289,2024-04-15,Feature Request,13.842723368873797
SUP-000706,CUST-0239,2024-04-27,Bug,1.216094426283862
SUP-000759,CUST-0260,2023-07-04,Bug,0.5
SUP-000929,CUST-0310,2024-03-22,Bug,1.8925563477745322
SUP-000400,CUST-0143,2024-02-03,Feature Request,0.5
SUP-000229,CUST-0078,2024-04-03,Feature Request,0.5
SUP-001160,CUST-0391,2024-06-16,Feature Request,7.0841735693107895
SUP-000461,CUST-0161,2024-01-19,Bug,16.23535115983353
SUP-000045,CUST-0015,2024-02-11,Feature Request,17.99933575624616
SUP-000055,CUST-0017,2024-03-28,Billing,28.420394399236688
SUP-000728,CUST-0246,2024-06-17,Onboarding,4.219978243076448
SUP-001086,CUST-0366,2024-01-04,Feature Request,0.5
SUP-000462,CUST-0161,2023-11-06,Feature Request,17.369810195057028
SUP-000901,CUST-0299,2024-05-17,Feature Request,28.49349256289224
SUP-000597,CUST-0203,2023-11-06,Feature Request,4.820105933980329
SUP-000008,CUST-0003,2024-03-15,Billing,41.146432704563885
SUP-000600,CUST-0203,2023-11-20,Bug,9.163263389088781
SUP-001140,CUST-0385,2023-09-01,Onboarding,15.775329011867099
SUP-000935,CUST-0314,2023-07-03,Bug,0.5
SUP-000744,CUST-0256,2023-07-24,Feature Request,20.6942556007051
SUP-000945,CUST-0317,2023-06-19,Onboarding,10.42921534431777
SUP-000657,CUST-0220,2023-07-20,Onboarding,10.111539301665243
SUP-000183,CUST-0064,2023-08-06,Bug,17.797334943845115
SUP-000493,CUST-0173,2024-01-09,Feature Request,3.944109848800813
SUP-000607,CUST-0205,2023-06-04,Bug,0.5
SUP-000842,CUST-0281,2024-03-25,Feature Request,41.97880611787335
SUP-000921,CUST-0306,2024-02-13,Onboarding,0.5
SUP-000294,CUST-0101,2024-03-12,Onboarding,20.83439595041291
SUP-000418,CUST-0149,2023-07-24,Feature Request,20.251831336972025
SUP-000140,CUST-0047,2023-07-20,Onboarding,14.450177801768923
SUP-000882,CUST-0293,2024-05-30,Bug,20.237789073443768
SUP-000068,CUST-0021,2023-12-09,Feature Request,8.327364171302582
SUP-001047,CUST-0355,2023-09-01,Bug,2.9702391628706444
SUP-000866,CUST-0287,2023-11-16,Onboarding,9.329840762843489
SUP-000674,CUST-0228,2023-06-13,Bug,10.932830561783774
SUP-000916,CUST-0303,2023-06-29,Feature Request,5.523014593144884
SUP-000836,CUST-0279,2024-06-30,Bug,21.4843170485175
SUP-000139,CUST-0047,2023-09-24,Billing,14.753221643630546
SUP-000109,CUST-0034,2023-07-21,Billing,35.73609430897988
SUP-001125,CUST-0376,2023-11-04,Onboarding,0.5
SUP-000887,CUST-0295,2023-06-09,Billing,9.865868355134426
SUP-000813,CUST-0273,2023-08-26,Onboarding,11.16043822489721
SUP-000768,CUST-0262,2024-03-17,Feature Request,27.24185983839765
SUP-000443,CUST-0157,2024-03-03,Onboarding,26.519244140129295
SUP-001120,CUST-0374,2023-08-10,Onboarding,5.688552773299659
SUP-000000,CUST-0001,2024-01-25,Onboarding,29.397535326988848
SUP-000116,CUST-0037,2023-08-12,Onboarding,17.453743658549186
SUP-000078,CUST-0025,2023-06-27,Bug,0.5
SUP-000496,CUST-0174,2023-06-04,Onboarding,27.297938608469245
SUP-000492,CUST-0172,2024-04-29,Feature Request,0.5
SUP-001103,CUST-0370,2023-11-11,Bug,19.281984694283302
SUP-000249,CUST-0087,2023-06-11,Billing,24.250174057058313
SUP-001017,CUST-0346,2024-04-17,Feature Request,13.340720586015236
SUP-000398,CUST-0142,2023-07-08,Feature Request,18.09155263531546
SUP-000217,CUST-0074,2023-12-01,Feature Request,16.84825422388453
SUP-000094,CUST-0029,2023-10-07,Onboarding,24.406543682995704
SUP-000125,CUST-0041,2024-06-27,Bug,2.499347326809283
SUP-000454,CUST-0160,2023-08-04,Billing,0.6958843283766702
SUP-000621,CUST-0207,2024-01-24,Billing,15.404136909931017
SUP-000895,CUST-0296,2023-09-13,Billing,0.5
SUP-000014,CUST-0004,2024-03-08,Bug,
SUP-000794,CUST-0269,2023-08-24,Bug,14.586079201388797
SUP-000702,CUST-0237,2024-05-30,Feature Request,2.4792312786242716
SUP-000763,CUST-0261,2024-02-21,Feature Request,4.547610190811446
SUP-000781,CUST-0265,2023-08-21,Billing,10.1893454045269
SUP-001077,CUST-0363,2023-09-19,Bug,11.889267341847418
SUP-000608,CUST-0205,2024-05-27,Bug,1.2723096878347218
SUP-000220,CUST-0075,2023-10-31,Feature Request,20.33534373402637
SUP-000943,CUST-0317,2023-08-19,Bug,17.423495320348902
SUP-000095,CUST-0030,2023-11-12,Onboarding,16.330367789048246
SUP-000272,CUST-0097,2024-05-02,Onboarding,11.176151413054086
SUP-000314,CUST-0108,2024-04-06,Billing,2.5053245335460748
SUP-000175,CUST-0061,2023-07-30,Bug,2.8248850813825044
SUP-000650,CUST-0219,2024-06-15,Bug,12.779836577041163
SUP-000407,CUST-0145,2024-02-06,Onboarding,11.149162593041142
SUP-001058,CUST-0359,2023-10-26,Bug,32.03628381096772
SUP-000665,CUST-0225,2024-01-09,Feature Request,1.392210789424488
SUP-000561,CUST-0190,2023-07-04,Onboarding,17.657519560257846
SUP-001070,CUST-0362,2023-07-07,Feature Request,6.639860731933612
SUP-000267,CUST-0095,2024-02-28,Onboarding,0.5
SUP-000799,CUST-0270,2023-12-11,Feature Request,11.382413711150575
SUP-000104,CUST-0032,2023-11-30,Feature Request,17.203487673011992
SUP-000717,CUST-0245,2023-08-12,Billing,11.294910814532633
SUP-001043,CUST-0354,2024-06-02,Billing,28.542833237762295
SUP-000420,CUST-0149,2024-02-12,Feature Request,22.535130590914683
SUP-000718,CUST-0245,2024-06-07,Billing,12.131289167939144
SUP-000427,CUST-0151,2023-06-03,Billing,19.938349495536606
SUP-001081,CUST-0364,2023-08-23,Feature Request,4.584114247384207
SUP-000361,CUST-0129,2023-06-21,Onboarding,33.460607042578125
SUP-000251,CUST-0087,2023-08-13,Billing,16.625159444019147
SUP-000638,CUST-0214,2023-11-20,Billing,12.640532085006328
SUP-001053,CUST-0357,2023-12-20,Feature Request,8.650847075876676
SUP-000522,CUST-0181,2023-11-30,Bug,14.626884175301978
SUP-000370,CUST-0130,2023-12-20,Bug,17.411233870411728
SUP-000900,CUST-0299,2023-07-17,Billing,25.780398924344265
SUP-000214,CUST-0073,2024-06-24,Onboarding,21.772360149535526
SUP-000930,CUST-0310,2023-10-28,Onboarding,
SUP-000144,CUST-0049,2024-01-01,Onboarding,23.43055657527158
SUP-001078,CUST-0364,2023-12-26,Bug,15.610269635739407
SUP-000515,CUST-0179,2023-08-30,Onboarding,
SUP-000012,CUST-0003,2024-04-04,Feature Request,28.217425594389525
SUP-000642,CUST-0215,2024-04-11,Bug,3.2084594157624338
SUP-000830,CUST-0278,2023-12-08,Feature Request,18.360463348271672
SUP-000569,CUST-0193,2024-06-20,Feature Request,6.069100801426774
SUP-000587,CUST-0197,2023-12-17,Bug,14.663580343798928
SUP-000760,CUST-0260,2023-07-13,Onboarding,0.5
SUP-001055,CUST-0357,2023-10-16,Onboarding,12.34684702457738
SUP-001131,CUST-0378,2024-06-15,Billing,13.75790014135217
SUP-001139,CUST-0385,2024-03-01,Billing,21.78832498330337
SUP-000340,CUST-0120,2024-06-09,Billing,5.173335577446421
SUP-000442,CUST-0156,2024-04-14,Feature Request,18.772639021931987
SUP-000875,CUST-0289,2023-07-26,Bug,8.503277706991103
SUP-001119,CUST-0374,2023-08-03,Onboarding,17.270264773612826
SUP-001115,CUST-0373,2024-03-05,Bug,20.17068784341291
SUP-000848,CUST-0283,2023-10-24,Billing,9.211742168714938
SUP-000643,CUST-0215,2023-10-15,Onboarding,15.349764980312083
SUP-000551,CUST-0188,2024-03-05,Onboarding,30.178480420256385
SUP-000719,CUST-0245,2023-10-03,Onboarding,20.750754867673624
SUP-000981,CUST-0329,2024-04-22,Onboarding,9.039831187547128
SUP-000360,CUST-0128,2023-08-25,Onboarding,3.5341365930276902
SUP-000907,CUST-0300,2024-02-21,Billing,12.670253162662618
SUP-000793,CUST-0269,2023-12-04,Billing,11.50373415314332
SUP-000743,CUST-0255,2023-09-15,Onboarding,0.5
SUP-000640,CUST-0215,2024-01-06,Bug,11.712254739171069
SUP-000296,CUST-0103,2023-08-30,Feature Request,27.62084076424318
SUP-000366,CUST-0130,2023-08-20,Bug,11.06445158064039
SUP-000989,CUST-0331,2024-02-08,Onboarding,25.430048595815727
SUP-000485,CUST-0169,2023-09-15,Onboarding,0.5
SUP-000317,CUST-0109,2024-01-05,Onboarding,0.5
SUP-000318,CUST-0109,2023-11-20,Feature Request,0.5
SUP-000732,CUST-0247,2024-03-03,Onboarding,15.731571923339938
SUP-000202,CUST-0069,2023-10-15,Onboarding,21.877268315266768
SUP-000313,CUST-0108,2023-12-25,Feature Request,10.61968060412514
SUP-000290,CUST-0101,2023-06-24,Onboarding,20.447482490259038
SUP-000195,CUST-0068,2023-12-27,Feature Request,10.957101761980397
SUP-000433,CUST-0152,2024-06-19,Onboarding,0.5
SUP-001095,CUST-0368,2024-01-14,Feature Request,19.813001687474085
SUP-000498,CUST-0175,2023-06-19,Feature Request,0.5
SUP-000688,CUST-0232,2023-07-19,Feature Request,12.644804728436505
SUP-000962,CUST-0322,2023-06-01,Bug,0.5
SUP-000060,CUST-0020,2023-12-21,Bug,3.854948084656506
SUP-001146,CUST-0387,2024-02-20,Feature Request,21.55812767413034
SUP-000388,CUST-0139,2023-10-12,Onboarding,22.46202218480254
SUP-001141,CUST-0385,2023-11-20,Feature Request,21.450909069306945
SUP-000275,CUST-0098,2023-11-09,Feature Request,10.712915809664356
SUP-000474,CUST-0165,2023-08-01,Feature Request,10.02734028422618
SUP-000268,CUST-0095,2023-09-28,Billing,8.720057919740757
SUP-000341,CUST-0120,2024-02-26,Bug,20.888686589755203
SUP-000664,CUST-0224,2023-10-24,Onboarding,6.124112119710128
SUP-000598,CUST-0203,2023-12-19,Bug,8.48222698105098
SUP-000687,CUST-0231,2023-12-08,Feature Request,0.5
SUP-000363,CUST-0129,2024-06-14,Onboarding,32.82302731094132
SUP-000409,CUST-0146,2024-03-23,Feature Request,0.5
SUP-000253,CUST-0088,2023-12-11,Onboarding,0.5
SUP-000647,CUST-0218,2024-02-27,Feature Request,3.8523373626656916
SUP-000130,CUST-0044,2023-09-20,Onboarding,13.185329326355534
SUP-000986,CUST-0330,2023-12-22,Onboarding,0.5
SUP-001083,CUST-0366,2024-06-05,Onboarding,9.13458702088364
SUP-000301,CUST-0105,2023-12-29,Billing,5.500173927030291
SUP-000098,CUST-0031,2023-07-05,Billing,26.736588539306293
SUP-000531,CUST-0183,2024-05-13,Billing,22.95310838272419
SUP-001020,CUST-0346,2024-04-08,Billing,18.470102658832115
SUP-000208,CUST-0072,2023-10-10,Billing,4.797817267106705
SUP-000890,CUST-0295,2023-10-31,Billing,15.166636927570929
SUP-001036,CUST-0352,2023-06-16,Bug,14.658703700399098
SUP-000715,CUST-0243,2023-12-10,Feature Request,6.823967818003419
SUP-001064,CUST-0360,2024-02-25,Onboarding,21.652038385149567
SUP-001082,CUST-0365,2024-03-14,Onboarding,4.768147241161662
SUP-000868,CUST-0287,2024-03-25,Feature Request,7.270732347149398
SUP-000457,CUST-0160,2024-05-27,Bug,0.5
SUP-000722,CUST-0245,2023-07-17,Billing,8.878917482093476
SUP-000979,CUST-0327,2023-11-12,Feature Request,0.5
SUP-000864,CUST-0287,2024-06-30,Billing,15.715691103321197
SUP-001121,CUST-0374,2024-05-25,Billing,7.3771838192624495
SUP-000087,CUST-0028,2024-06-18,Feature Request,17.865677196256925
SUP-000918,CUST-0304,2023-11-21,Billing,
SUP-000809,CUST-0272,2023-12-11,Onboarding,3.6388297968184156
SUP-000826,CUST-0276,2023-11-24,Bug,1.815418498405224
SUP-000795,CUST-0270,2023-08-16,Bug,12.199627082355798
SUP-000682,CUST-0230,2024-02-26,Feature Request,26.729310809489828
SUP-000499,CUST-0175,2023-09-12,Feature Request,7.164055374197698
SUP-000324,CUST-0112,2024-02-26,Onboarding,7.383626573250868
SUP-000871,CUST-0288,2024-04-03,Bug,10.321502066430163
SUP-000593,CUST-0199,2024-04-21,Onboarding,0.5
SUP-000727,CUST-0246,2023-06-06,Bug,10.52698603214518
SUP-000845,CUST-0282,2024-06-13,Feature Request,0.8014941100293975
SUP-000812,CUST-0273,2023-10-30,Billing,2.1269598116982467
SUP-001142,CUST-0386,2024-06-01,Billing,20.372320779348183
SUP-000992,CUST-0332,2024-03-06,Onboarding,5.231289604255336
SUP-000379,CUST-0133,2023-12-09,Feature Request,9.827779763836704
SUP-000352,CUST-0125,2024-03-21,Billing,33.60602259249981
SUP-001013,CUST-0345,2024-03-22,Billing,13.623315509448085
SUP-000769,CUST-0262,2024-02-02,Onboarding,21.49047775553783
SUP-000419,CUST-0149,2023-06-04,Feature Request,27.906912622690626
SUP-000212,CUST-0073,2024-04-09,Billing,21.54746174066485
SUP-000204,CUST-0069,2024-03-24,Feature Request,15.696665475786789
SUP-001101,CUST-0369,2023-11-16,Onboarding,1.8141153372329488
SUP-000652,CUST-0219,2023-08-17,Onboarding,14.731770902589574
SUP-001015,CUST-0345,2023-07-16,Onboarding,6.877624765189351
SUP-000131,CUST-0044,2023-08-12,Onboarding,17.703590158400132
SUP-000044,CUST-0015,2023-12-07,Bug,22.00644521565953
SUP-000438,CUST-0155,2023-06-16,Billing,22.40360940480376
SUP-000278,CUST-0098,2023-06-10,Feature Request,4.990259149632719
SUP-001143,CUST-0386,2024-05-05,Onboarding,9.153029147999344
SUP-000843,CUST-0281,2023-10-07,Billing,37.42209719903981
SUP-000157,CUST-0055,2024-05-21,Onboarding,13.007198843866151
SUP-000745,CUST-0256,2023-07-05,Billing,18.127436285184963
SUP-001011,CUST-0343,2023-08-18,Feature Request,5.506782266248144
SUP-000266,CUST-0094,2023-07-19,Bug,0.5
SUP-001079,CUST-0364,2024-01-24,Onboarding,5.297493613429133
SUP-000476,CUST-0165,2023-06-09,Onboarding,3.3520136099046205
SUP-001148,CUST-0388,2023-08-17,Feature Request,25.056424582203178
SUP-000755,CUST-0260,2023-08-02,Feature Request,0.5
SUP-000772,CUST-0263,2024-04-15,Bug,7.733436939412698
SUP-000707,CUST-0239,2023-09-21,Billing,5.914073404240863
SUP-000173,CUST-0061,2023-10-17,Onboarding,19.973193265559054
SUP-000517,CUST-0179,2024-06-01,Feature Request,20.00570883602235
SUP-000269,CUST-0096,2024-04-21,Feature Request,25.488474823270277
SUP-001060,CUST-0359,2024-03-04,Onboarding,
SUP-000873,CUST-0288,2023-08-10,Bug,0.5
SUP-000539,CUST-0186,2023-08-10,Billing,14.150846140614199
SUP-000353,CUST-0126,2023-12-17,Bug,5.849649137977973
SUP-000347,CUST-0123,2024-05-10,Onboarding,13.28657321380905
SUP-000858,CUST-0284,2023-11-04,Billing,0.5
SUP-000644,CUST-0217,2023-09-07,Billing,10.902383462871889
SUP-001009,CUST-0342,2023-10-20,Bug,9.888664768892331
SUP-000714,CUST-0243,2023-10-09,Billing,8.214814834256492
SUP-000913,CUST-0302,2023-06-15,Onboarding,23.521183255669452
SUP-000965,CUST-0325,2024-02-26,Onboarding,17.593775900695363
SUP-000611,CUST-0205,2023-11-14,Bug,6.5321891671603245
SUP-000867,CUST-0287,2023-11-22,Onboarding,4.762083554259302
SUP-001118,CUST-0374,2024-01-08,Bug,0.5
SUP-000903,CUST-0299,2023-07-15,Onboarding,15.306268641729481
SUP-000469,CUST-0163,2024-03-01,Feature Request,22.311372647757988
SUP-000254,CUST-0089,2024-05-22,Bug,20.80212140625727
SUP-000523,CUST-0181,2024-02-10,Bug,12.735578837743418
SUP-000898,CUST-0297,2024-05-04,Feature Request,5.420115298086882
SUP-000369,CUST-0130,2023-06-07,Bug,5.381096788598768
SUP-000151,CUST-0051,2023-07-23,Billing,11.397305868445402
SUP-000118,CUST-0038,2024-06-27,Billing,0.5
SUP-001019,CUST-0346,2023-12-30,Onboarding,13.99607808009734
SUP-000672,CUST-0226,2024-04-14,Feature Request,2.2160391174040805
SUP-000071,CUST-0022,2023-08-26,Feature Request,2.543513850727853
SUP-000849,CUST-0283,2024-05-22,Bug,0.5
SUP-000993,CUST-0332,2023-11-05,Bug,15.278196641868576
SUP-000039,CUST-0013,2024-04-14,Feature Request,0.5
SUP-000505,CUST-0176,2023-12-05,Bug,13.519799402529376
SUP-001107,CUST-0371,2024-04-01,Onboarding,17.119124251531915
SUP-000612,CUST-0206,2023-11-04,Feature Request,14.184493045104631
SUP-000990,CUST-0331,2024-04-06,Onboarding,8.665706197036442
SUP-000288,CUST-0100,2023-07-23,Onboarding,15.678157450803203
SUP-000243,CUST-0084,2023-06-15,Feature Request,1.4110792569157198
SUP-000671,CUST-0226,2024-04-06,Billing,
SUP-000748,CUST-0257,2024-04-19,Feature Request,4.037937150188424
SUP-000966,CUST-0325,2024-04-30,Feature Request,12.053053229044366
SUP-000856,CUST-0284,2024-03-10,Bug,6.36284759405154
SUP-000574,CUST-0193,2023-07-04,Billing,4.912803545912434
SUP-001035,CUST-0351,2024-02-01,Billing,14.735075134088731
SUP-000386,CUST-0139,2024-02-02,Feature Request,9.680263321131163
SUP-001134,CUST-0383,2024-03-17,Bug,8.094464144766347
SUP-000328,CUST-0115,2023-08-06,Feature Request,18.71354234520033
SUP-000563,CUST-0191,2023-09-13,Bug,0.5
SUP-000535,CUST-0184,2023-11-22,Feature Request,13.842850350021244
SUP-000937,CUST-0315,2023-12-12,Bug,3.075669825932643
SUP-000915,CUST-0303,2023-06-13,Bug,9.670267017063223
SUP-000289,CUST-0100,2024-06-23,Billing,14.238491920807174
SUP-000381,CUST-0136,2024-03-24,Onboarding,16.119663698675566
SUP-000988,CUST-0331,2024-02-12,Feature Request,20.045609738773138
SUP-000001,CUST-0001,2023-06-28,Onboarding,27.77955641764577
SUP-000376,CUST-0132,2023-10-29,Feature Request,9.09517418742106
SUP-001024,CUST-0347,2023-10-20,Bug,10.351640224335155
SUP-000415,CUST-0147,2024-03-03,Bug,25.795486384831506
SUP-000742,CUST-0254,2023-12-09,Feature Request,20.472420674765782
SUP-000780,CUST-0265,2024-06-09,Bug,
SUP-000892,CUST-0295,2024-01-02,Bug,20.233890077112353
SUP-001010,CUST-0342,2023-08-08,Onboarding,21.162688637819667
SUP-000107,CUST-0033,2023-12-17,Feature Request,12.316455327183732
SUP-000537,CUST-0184,2024-06-18,Bug,14.684873580620128
SUP-000123,CUST-0041,2023-11-09,Billing,14.696781888102937
SUP-001109,CUST-0372,2024-04-30,Feature Request,0.5
SUP-000998,CUST-0334,2024-06-05,Billing,4.187186785593113
SUP-000770,CUST-0263,2023-08-07,Onboarding,12.162241909652929
SUP-000015,CUST-0004,2024-05-21,Feature Request,27.443390474854453
SUP-000346,CUST-0123,2023-11-22,Onboarding,13.677326124346571
SUP-000358,CUST-0128,2023-09-17,Billing,0.5
SUP-000280,CUST-0098,2024-05-05,Feature Request,9.259700226538316
SUP-000176,CUST-0061,2023-11-15,Feature Request,20.0003648722068
SUP-000437,CUST-0155,2024-02-04,Billing,12.329247451267916
SUP-001116,CUST-0373,2023-06-07,Onboarding,14.899900182560856
SUP-000851,CUST-0283,2024-02-09,Bug,0.5
SUP-000952,CUST-0320,2023-10-09,Billing,9.798042353566256
SUP-000216,CUST-0073,2024-03-24,Bug,10.619282370482775
SUP-000440,CUST-0156,2023-09-19,Onboarding,0.5
SUP-001073,CUST-0362,2024-05-13,Billing,10.138381082573638
SUP-000417,CUST-0148,2023-11-23,Billing,28.18326233647626
SUP-000692,CUST-0233,2023-06-23,Onboarding,19.31439354339798
SUP-000553,CUST-0188,2023-11-25,Bug,28.10543264319566
SUP-000069,CUST-0021,2023-09-24,Feature Request,13.954258808794322
SUP-000085,CUST-0028,2023-08-08,Onboarding,3.40146164580697
SUP-000286,CUST-0099,2023-11-02,Feature Request,23.233574346808506
SUP-000691,CUST-0233,2023-12-26,Feature Request,9.029915021613961
SUP-000264,CUST-0094,2023-10-29,Onboarding,4.800980449438206
SUP-000061,CUST-0020,2024-04-28,Bug,0.5
SUP-001052,CUST-0356,2024-03-01,Onboarding,3.65501883487007
SUP-000030,CUST-0010,2024-01-23,Bug,1.0577983189402802
SUP-001057,CUST-0357,2024-04-20,Onboarding,13.230409027550015
SUP-001068,CUST-0361,2023-10-29,Bug,13.419311613793276
SUP-000585,CUST-0196,2023-12-11,Billing,9.944841719972038
SUP-001152,CUST-0388,2023-06-16,Billing,21.506457687056724
SUP-000908,CUST-0301,2023-10-28,Onboarding,12.684093552593083
SUP-000348,CUST-0124,2023-11-12,Onboarding,8.90110244500738
SUP-001094,CUST-0368,2023-07-05,Feature Request,7.797629275934973
SUP-000005,CUST-0002,2023-06-24,Billing,13.51760669083451
SUP-000662,CUST-0222,2023-08-12,Feature Request,18.763381951928302
SUP-000162,CUST-0057,2024-01-10,Feature Request,14.995614121118757
SUP-000237,CUST-0083,2023-11-21,Bug,15.145195755858598
SUP-000050,CUST-0016,2023-10-10,Onboarding,8.411308369033103
SUP-000174,CUST-0061,2024-06-02,Onboarding,8.721033330635898
SUP-000616,CUST-0207,2024-06-19,Billing,16.637415453279218
SUP-000293,CUST-0101,2023-10-18,Feature Request,26.430459359100183
SUP-000983,CUST-0330,2024-05-17,Bug,0.5
SUP-000818,CUST-0275,2023-10-02,Feature Request,16.748403905324032
SUP-000168,CUST-0058,2024-02-27,Bug,4.3176745580565115
SUP-000459,CUST-0161,2024-06-30,Onboarding,5.6898639706014755
SUP-001063,CUST-0360,2023-10-16,Feature Request,20.783665958257124
SUP-000121,CUST-0039,2024-02-11,Feature Request,9.04619906063643
SUP-000122,CUST-0041,2024-06-23,Onboarding,4.085623068485149
SUP-000919,CUST-0306,2024-01-23,Billing,0.5
SUP-000304,CUST-0105,2024-04-12,Bug,0.5
SUP-000300,CUST-0105,2023-12-21,Bug,1.6432248539301524
SUP-000975,CUST-0327,2024-04-24,Feature Request,0.5
SUP-001126,CUST-0376,2023-08-11,Feature Request,0.9417580033850179
SUP-000062,CUST-0020,2023-08-03,Feature Request,
SUP-000654,CUST-0220,2024-02-04,Bug,9.680141621579935
SUP-000713,CUST-0243,2023-10-03,Onboarding,15.791368292287178
SUP-000307,CUST-0106,2023-08-09,Feature Request,2.5204968601571003
SUP-000554,CUST-0189,2023-08-27,Bug,24.429464391669274
SUP-000667,CUST-0225,2024-02-11,Billing,
SUP-000987,CUST-0331,2024-01-15,Onboarding,15.067731724812731
SUP-000416,CUST-0147,2024-01-27,Billing,22.957980270525354
SUP-000330,CUST-0116,2024-05-06,Feature Request,5.8257799114711855
SUP-000841,CUST-0281,2024-06-04,Onboarding,45.21172480947095
SUP-001149,CUST-0388,2024-05-12,Feature Request,15.245364189137076
SUP-000114,CUST-0037,2024-04-21,Feature Request,19.45699564029501
SUP-000942,CUST-0316,2023-07-27,Bug,13.618675821635067
SUP-000699,CUST-0236,2023-10-27,Feature Request,21.69004481036051
SUP-000434,CUST-0152,2023-10-10,Feature Request,0.6154420901431581
SUP-000097,CUST-0031,2024-01-28,Bug,24.8054058982824
SUP-000670,CUST-0225,2023-10-15,Onboarding,7.536535502541923
SUP-000487,CUST-0169,2024-06-19,Bug,0.5
SUP-000948,CUST-0318,2024-06-16,Feature Request,21.659698598963036
SUP-000646,CUST-0217,2024-01-21,Onboarding,8.252232060351936
SUP-000235,CUST-0081,2024-01-03,Bug,6.277767769300042
SUP-000165,CUST-0058,2023-09-05,Feature Request,0.5
SUP-000695,CUST-0235,2024-06-15,Onboarding,0.5
SUP-000766,CUST-0261,2023-11-04,Billing,9.573385850008595
SUP-000969,CUST-0326,2024-05-01,Bug,17.267101008090524
SUP-000881,CUST-0293,2023-10-03,Onboarding,23.40487730212122
SUP-001032,CUST-0350,2023-09-04,Billing,19.448669471588104
SUP-000824,CUST-0276,2023-09-15,Bug,1.9866003431598305
SUP-000177,CUST-0061,2024-04-06,Bug,9.19376023451732
SUP-000063,CUST-0020,2023-08-09,Onboarding,
SUP-000410,CUST-0146,2023-11-15,Feature Request,0.5
SUP-000402,CUST-0143,2024-05-11,Onboarding,0.5
SUP-000311,CUST-0107,2023-08-24,Onboarding,4.5844167094526505
SUP-000649,CUST-0219,2024-01-26,Feature Request,8.970159986348822
SUP-000765,CUST-0261,2024-04-23,Onboarding,
SUP-000885,CUST-0294,2024-06-12,Feature Request,14.79039317586969
SUP-000814,CUST-0273,2023-10-28,Onboarding,2.4553532245608984
SUP-000922,CUST-0306,2024-04-14,Billing,14.732525024123408
SUP-001004,CUST-0341,2024-04-05,Billing,0.5
SUP-000391,CUST-0139,2024-03-25,Billing,11.840615405972613
SUP-000241,CUST-0083,2023-07-10,Onboarding,17.703192522130564
SUP-001030,CUST-0350,2024-04-07,Feature Request,18.407079685809183
SUP-000613,CUST-0206,2023-10-20,Feature Request,18.05672902434599
SUP-000227,CUST-0077,2023-10-25,Onboarding,13.504556234175874
SUP-000489,CUST-0171,2024-02-03,Feature Request,13.919024158462143
SUP-000997,CUST-0334,2023-10-04,Bug,0.5
SUP-000291,CUST-0101,2023-09-16,Billing,15.044517864626563
SUP-000783,CUST-0266,2024-04-27,Billing,16.650269018242152
SUP-000556,CUST-0189,2024-03-30,Bug,17.040669743138082
SUP-000224,CUST-0077,2023-06-21,Billing,10.26428223776805
SUP-000128,CUST-0044,2023-10-29,Billing,22.43850494096272
SUP-001136,CUST-0383,2023-09-09,Bug,10.54406490953886
SUP-000648,CUST-0218,2024-05-02,Bug,10.411827151099148
SUP-000389,CUST-0139,2023-11-04,Onboarding,19.441408904137212
SUP-000155,CUST-0053,2024-05-30,Feature Request,10.381802067841898
SUP-000024,CUST-0008,2024-03-12,Feature Request,6.201883582376595
SUP-000180,CUST-0063,2023-10-01,Billing,27.19830823101664
SUP-000623,CUST-0208,2023-06-04,Billing,32.783206135565806
SUP-000067,CUST-0021,2024-02-15,Bug,14.769822977551556
SUP-001033,CUST-0350,2024-04-08,Onboarding,33.15034211292846
SUP-000145,CUST-0050,2024-01-11,Onboarding,9.530470106975123
SUP-000627,CUST-0210,2023-07-08,Onboarding,11.52342731985256
SUP-000821,CUST-0275,2024-04-16,Billing,24.894301509931655
SUP-000399,CUST-0143,2023-07-22,Onboarding,0.5
SUP-000331,CUST-0116,2023-07-17,Bug,12.126740939264486
SUP-000741,CUST-0254,2024-05-19,Billing,
SUP-000746,CUST-0256,2024-01-07,Feature Request,7.4809940007700515
SUP-001071,CUST-0362,2024-04-16,Billing,10.74474216694247
SUP-000831,CUST-0278,2023-10-27,Billing,17.006622351842836
SUP-000542,CUST-0186,2024-02-07,Feature Request,17.050522870962716
SUP-000339,CUST-0119,2023-10-02,Billing,4.267306270399397
SUP-001080,CUST-0364,2023-12-01,Billing,19.4335035143348
SUP-000002,CUST-0001,2024-03-20,Billing,16.280821281646432
SUP-000281,CUST-0099,2023-10-18,Bug,17.564490857469583
SUP-000374,CUST-0132,2023-08-21,Bug,0.5
SUP-000481,CUST-0166,2023-09-16,Feature Request,3.990391264561993
SUP-000591,CUST-0198,2024-05-01,Bug,0.5
SUP-000776,CUST-0264,2023-07-09,Billing,33.00703209785597
SUP-000956,CUST-0321,2024-01-22,Bug,37.42303737572798
SUP-001093,CUST-0368,2023-11-18,Onboarding,11.481790450206308
SUP-001075,CUST-0363,2023-07-20,Onboarding,18.072590668442828
SUP-000502,CUST-0176,2024-02-05,Onboarding,0.5
SUP-000832,CUST-0279,2024-04-15,Bug,11.522945089150321
SUP-001114,CUST-0373,2024-05-30,Bug,10.527115593969562
SUP-001065,CUST-0361,2024-05-07,Bug,14.960151782948028
SUP-000589,CUST-0197,2024-05-23,Billing,15.631540186324951
SUP-000064,CUST-0020,2023-10-25,Feature Request,0.5
SUP-000689,CUST-0233,2023-11-06,Bug,12.722239705586787
SUP-000248,CUST-0087,2024-02-18,Billing,18.027567420710966
SUP-000263,CUST-0093,2024-04-09,Onboarding,24.51359878297432
SUP-000009,CUST-0003,2023-07-18,Billing,25.816265575752332
SUP-000494,CUST-0173,2024-06-08,Billing,17.131134307151335
SUP-000939,CUST-0316,2024-03-05,Bug,24.609246828271143
SUP-000105,CUST-0032,2023-11-01,Billing,9.621625049694035
SUP-000527,CUST-0182,2024-03-07,Billing,12.913150275284114
SUP-000209,CUST-0072,2024-02-13,Onboarding,12.891995035768371
SUP-000181,CUST-0063,2023-07-15,Onboarding,18.714783709755817
SUP-000749,CUST-0258,2023-08-08,Onboarding,24.908957706350414
SUP-000853,CUST-0284,2023-09-07,Onboarding,1.629086539882639
SUP-000801,CUST-0271,2024-02-15,Billing,15.860297393897024
SUP-000319,CUST-0110,2024-06-23,Bug,0.5
SUP-000604,CUST-0204,2024-05-04,Onboarding,20.894452179408297
SUP-000110,CUST-0034,2024-06-28,Onboarding,27.817547921392862
SUP-000624,CUST-0209,2024-06-19,Feature Request,11.291006013237391
SUP-000800,CUST-0271,2024-01-05,Onboarding,10.201712542962666
SUP-001007,CUST-0342,2023-09-23,Feature Request,17.769675962667915
SUP-000666,CUST-0225,2023-11-19,Billing,10.837996601805251
SUP-000710,CUST-0240,2024-03-07,Feature Request,17.89519009805383
SUP-000124,CUST-0041,2023-08-23,Feature Request,0.5
SUP-000424,CUST-0150,2024-01-17,Feature Request,6.479801915382147
SUP-000380,CUST-0135,2024-05-17,Bug,4.647647366965623
SUP-000540,CUST-0186,2024-04-23,Bug,3.3640636678183427
SUP-000855,CUST-0284,2023-06-17,Bug,4.2412818949540965
SUP-000754,CUST-0259,2024-06-21,Onboarding,2.4375953423669383
SUP-000518,CUST-0180,2023-08-17,Onboarding,0.5
SUP-000026,CUST-0008,2023-11-14,Feature Request,3.311120520294174
SUP-000448,CUST-0159,2023-07-21,Feature Request,17.491928464107005
SUP-000164,CUST-0058,2024-03-04,Onboarding,
SUP-000260,CUST-0093,2024-05-31,Feature Request,12.95712470166842
SUP-000206,CUST-0070,2023-06-05,Feature Request,10.948058058929602
SUP-000815,CUST-0273,2024-04-21,Billing,21.33196462917893
SUP-000103,CUST-0032,2024-01-10,Bug,14.980054939177395
SUP-000736,CUST-0250,2024-03-12,Bug,2.3771398026283563
SUP-001113,CUST-0372,2023-10-29,Bug,0.5
SUP-000096,CUST-0031,2023-09-07,Onboarding,22.311753941869654
SUP-000277,CUST-0098,2023-10-14,Bug,10.57657651630131
SUP-000696,CUST-0236,2023-11-02,Billing,5.748363921739228
SUP-000190,CUST-0067,2024-03-02,Onboarding,0.5
SUP-001102,CUST-0369,2023-09-17,Bug,0.5
SUP-000408,CUST-0146,2024-06-27,Billing,18.733545019227595
SUP-000255,CUST-0089,2024-04-21,Bug,13.62854196545582
SUP-000954,CUST-0321,2024-06-08,Onboarding,27.895921198186556
SUP-000425,CUST-0151,2024-05-02,Feature Request,31.79279043196363
SUP-001002,CUST-0338,2024-04-10,Feature Request,5.590823207482268
SUP-000265,CUST-0094,2024-02-14,Feature Request,15.369247994283313
SUP-000010,CUST-0003,2024-06-05,Bug,25.775260849675988
SUP-001091,CUST-0367,2024-06-16,Billing,8.403329479913669
SUP-001076,CUST-0363,2024-03-30,Onboarding,0.5
SUP-001016,CUST-0345,2024-05-05,Onboarding,16.915162545810766
SUP-000234,CUST-0080,2024-05-20,Billing,30.987814994877393
SUP-000594,CUST-0199,2023-06-11,Bug,3.469939722067323
SUP-000142,CUST-0049,2023-11-02,Bug,15.025629850493779
SUP-000595,CUST-0199,2023-09-01,Onboarding,
SUP-000920,CUST-0306,2024-06-05,Onboarding,5.9632426876016495
SUP-000764,CUST-0261,2024-03-21,Onboarding,15.512233183376006
SUP-000083,CUST-0027,2023-12-08,Onboarding,12.018601258355215
SUP-000555,CUST-0189,2024-05-09,Feature Request,19.31973037063632
SUP-000007,CUST-0002,2024-03-22,Onboarding,15.744827460747334
SUP-000891,CUST-0295,2023-09-09,Billing,29.866186137200057
SUP-000141,CUST-0048,2024-04-09,Feature Request,35.3228827119469
SUP-001100,CUST-0369,2023-11-06,Onboarding,12.99798138394391
SUP-000977,CUST-0327,2024-03-19,Billing,4.999748999798401
SUP-001089,CUST-0367,2023-12-12,Feature Request,0.5
SUP-000808,CUST-0272,2023-06-03,Onboarding,0.5
SUP-000354,CUST-0126,2024-01-20,Onboarding,15.034908633419473
SUP-000302,CUST-0105,2024-03-13,Onboarding,0.5
SUP-000526,CUST-0182,2023-10-24,Billing,32.35665091445985
SUP-000471,CUST-0163,2023-08-15,Onboarding,18.093688667619062
SUP-000466,CUST-0162,2024-04-27,Feature Request,8.888753437566923
SUP-000500,CUST-0175,2023-08-28,Feature Request,0.5
SUP-000637,CUST-0214,2023-08-28,Billing,11.646114263364856
SUP-000973,CUST-0326,2023-09-03,Bug,5.375173422361998
SUP-000153,CUST-0052,2023-06-09,Feature Request,5.205855853111111
SUP-000066,CUST-0021,2023-09-29,Onboarding,22.786896688033735
SUP-000470,CUST-0163,2023-10-29,Feature Request,28.074561004159122
SUP-000297,CUST-0103,2024-05-27,Feature Request,23.106738281694806
SUP-000038,CUST-0013,2024-01-10,Onboarding,9.90754105344923
SUP-001097,CUST-0368,2023-10-17,Bug,0.5
SUP-000343,CUST-0120,2023-06-10,Bug,3.5672548754777047
SUP-000810,CUST-0272,2023-06-27,Bug,2.0633975569524883
SUP-000792,CUST-0267,2024-06-12,Onboarding,4.138698287458151
SUP-000127,CUST-0041,2023-10-22,Feature Request,3.3319809423281774
SUP-000726,CUST-0246,2023-08-31,Bug,16.71639610344513
SUP-000262,CUST-0093,2023-07-04,Bug,11.295273315409755
SUP-001153,CUST-0389,2024-06-05,Feature Request,3.3190665561163764
SUP-000804,CUST-0271,2023-06-16,Onboarding,6.591052729972101
SUP-000632,CUST-0212,2024-05-11,Billing,37.9615119435948
SUP-000201,CUST-0069,2024-01-11,Feature Request,16.72240531106583
SUP-000725,CUST-0246,2023-07-01,Onboarding,12.578173518618625
SUP-000472,CUST-0164,2023-10-15,Billing,0.5
SUP-000497,CUST-0174,2024-05-26,Billing,21.277687829872
SUP-000196,CUST-0068,2023-11-08,Onboarding,11.489174172463496
SUP-001137,CUST-0383,2023-12-10,Onboarding,8.95951741230368
SUP-001154,CUST-0389,2023-12-09,Billing,10.88686913018245
SUP-000762,CUST-0261,2023-07-18,Onboarding,5.788900304778868
SUP-000102,CUST-0032,2024-01-24,Feature Request,8.25778605640015
SUP-000834,CUST-0279,2024-02-06,Onboarding,2.333499082558019
SUP-000731,CUST-0247,2024-01-22,Onboarding,6.883498225330411
SUP-000679,CUST-0230,2023-09-19,Onboarding,13.674355722306794
SUP-001123,CUST-0375,2023-10-16,Onboarding,7.851200415903465
SUP-000928,CUST-0309,2023-08-11,Onboarding,0.5
SUP-000042,CUST-0014,2023-06-16,Billing,8.490379815415622
SUP-000465,CUST-0162,2023-12-23,Onboarding,10.6588329259135
SUP-000444,CUST-0157,2024-03-26,Billing,38.433862277545515
SUP-000820,CUST-0275,2024-01-19,Bug,13.216674067063664
SUP-000716,CUST-0244,2024-06-04,Feature Request,0.9250077689641907
SUP-000295,CUST-0102,2023-12-03,Bug,16.055858612452138
SUP-000803,CUST-0271,2023-09-03,Feature Request,4.856402410073638
SUP-000536,CUST-0184,2024-03-05,Feature Request,21.218233388142583
SUP-000447,CUST-0158,2023-07-04,Bug,10.303562518127892
SUP-000477,CUST-0166,2024-02-09,Feature Request,2.456903629675386
SUP-000693,CUST-0234,2024-06-17,Bug,1.0593970717220138
SUP-000847,CUST-0282,2023-07-29,Bug,1.2302861654625434
SUP-000495,CUST-0173,2024-05-08,Billing,0.5
SUP-000686,CUST-0231,2024-02-26,Feature Request,10.21170129139744
SUP-001156,CUST-0389,2023-12-10,Onboarding,4.826704388536101
SUP-001096,CUST-0368,2024-06-19,Feature Request,8.246941419176764
SUP-001026,CUST-0348,2024-03-25,Onboarding,22.346066603039535
SUP-000431,CUST-0152,2024-02-01,Billing,2.65121798913507
SUP-000435,CUST-0154,2023-07-18,Onboarding,3.9161224440383604
SUP-000546,CUST-0187,2023-10-27,Onboarding,12.90612648281293
SUP-000790,CUST-0267,2024-06-21,Billing,14.382375926683306
SUP-001038,CUST-0353,2023-06-22,Bug,8.929531171703687
SUP-000362,CUST-0129,2024-05-19,Billing,32.16600347838712
SUP-000817,CUST-0275,2023-12-26,Billing,17.340192653487648
SUP-000972,CUST-0326,2024-04-09,Bug,5.928898787430043
SUP-000449,CUST-0159,2023-10-05,Billing,23.520684374455705
SUP-000138,CUST-0047,2024-05-12,Onboarding,
SUP-000825,CUST-0276,2024-05-12,Onboarding,5.865112326683505
SUP-000075,CUST-0023,2024-01-12,Bug,27.933763907796877
SUP-001069,CUST-0361,2024-05-05,Bug,0.9413187055639893
SUP-000816,CUST-0275,2023-09-23,Onboarding,13.87875852651964
SUP-001044,CUST-0354,2024-01-01,Feature Request,19.620609182643882
SUP-000203,CUST-0069,2024-01-13,Onboarding,20.105866099204928
SUP-000022,CUST-0007,2024-06-13,Onboarding,6.139898504645839
SUP-000101,CUST-0031,2023-11-10,Onboarding,15.411628201070698
SUP-000567,CUST-0191,2023-11-11,Feature Request,7.64841480117098
SUP-000588,CUST-0197,2023-09-04,Billing,19.530646146775506
SUP-000170,CUST-0059,2024-01-26,Billing,22.52348516967719
SUP-000785,CUST-0266,2024-05-22,Bug,12.855191411958986
SUP-000724,CUST-0246,2024-06-29,Billing,7.521870819838536
SUP-001006,CUST-0341,2023-12-21,Bug,0.5
SUP-000629,CUST-0211,2023-12-07,Onboarding,16.609597474573395
SUP-000581,CUST-0195,2024-02-07,Billing,4.169923307584286
SUP-000395,CUST-0141,2023-08-30,Onboarding,24.027308322133194
SUP-000473,CUST-0164,2023-06-13,Feature Request,0.5
SUP-000372,CUST-0131,2023-08-29,Billing,9.240063376657549
SUP-000092,CUST-0029,2023-09-11,Feature Request,16.098585362269674
SUP-000577,CUST-0195,2024-05-03,Billing,10.079073080362836
SUP-000886,CUST-0294,2023-10-02,Bug,13.515353329053543
SUP-000070,CUST-0021,2024-04-04,Billing,24.534014410663005
SUP-000327,CUST-0115,2024-02-18,Onboarding,3.7425449369212593
SUP-000426,CUST-0151,2023-11-22,Feature Request,20.92418655106587
SUP-000040,CUST-0013,2023-07-13,Feature Request,2.8809138386956423
SUP-000802,CUST-0271,2024-06-02,Feature Request,14.16177259458359
SUP-000723,CUST-0246,2024-05-30,Feature Request,9.204583493153393
SUP-000210,CUST-0072,2024-05-03,Feature Request,23.77738840706137
SUP-000827,CUST-0276,2024-04-09,Feature Request,11.196934325040761
SUP-001048,CUST-0355,2023-09-14,Bug,14.987330719663689
SUP-001001,CUST-0336,2023-08-04,Feature Request,0.5
SUP-000093,CUST-0029,2023-11-11,Onboarding,14.712210099478142
SUP-000615,CUST-0206,2024-03-29,Bug,21.45987468887892
SUP-001129,CUST-0377,2024-02-21,Billing,14.512712890645599
SUP-000879,CUST-0290,2024-03-20,Feature Request,18.991152939043303
SUP-000767,CUST-0262,2024-03-18,Feature Request,23.771301598408716
SUP-000773,CUST-0263,2023-12-14,Bug,2.922520131172443
SUP-000659,CUST-0221,2024-03-06,Feature Request,3.2229274935633603
SUP-000006,CUST-0002,2024-03-17,Onboarding,21.797072240780825
SUP-000700,CUST-0237,2024-01-07,Billing,0.5
SUP-000614,CUST-0206,2024-05-11,Onboarding,12.289284797235265
SUP-000242,CUST-0084,2024-01-26,Bug,0.5
SUP-000021,CUST-0006,2023-11-09,Billing,13.982733330410325
SUP-000963,CUST-0324,2024-06-20,Feature Request,0.5
SUP-001022,CUST-0347,2023-06-29,Billing,21.78484261300047
SUP-001085,CUST-0366,2024-03-19,Bug,0.5
SUP-000315,CUST-0108,2024-05-17,Bug,15.078040191863877
SUP-000490,CUST-0172,2024-03-17,Billing,2.7351445010419866
SUP-000869,CUST-0288,2024-05-16,Bug,10.393155603528319
SUP-000011,CUST-0003,2024-01-26,Feature Request,37.18093074102207
SUP-000940,CUST-0316,2024-03-30,Onboarding,19.37339433282246
SUP-000955,CUST-0321,2023-07-15,Billing,27.92104013672788
SUP-000135,CUST-0045,2023-11-04,Billing,9.701655162145176
SUP-001003,CUST-0341,2023-12-26,Feature Request,0.6406779987624809
SUP-000282,CUST-0099,2023-12-02,Feature Request,6.981968966222375
SUP-001147,CUST-0388,2023-08-12,Billing,17.087153722732715
SUP-000205,CUST-0070,2023-11-25,Bug,16.344438132393282
SUP-000599,CUST-0203,2024-04-11,Bug,15.05912159730181
SUP-000634,CUST-0214,2023-12-16,Onboarding,9.467506166151209
SUP-001021,CUST-0347,2024-03-18,Billing,12.915905940058186
SUP-000463,CUST-0161,2024-01-12,Onboarding,18.0536212432601
SUP-000271,CUST-0097,2023-10-12,Bug,17.25479737431105
SUP-001111,CUST-0372,2024-01-24,Onboarding,0.5
SUP-001104,CUST-0370,2024-06-03,Onboarding,16.119172459337545
SUP-000684,CUST-0231,2024-05-20,Onboarding,3.366138021607538
SUP-000373,CUST-0132,2024-04-05,Onboarding,0.5
SUP-000805,CUST-0272,2023-08-18,Feature Request,0.9914200973268654
SUP-000559,CUST-0189,2023-12-01,Feature Request,24.64666009839908
SUP-001054,CUST-0357,2024-04-20,Bug,15.837459116545766
SUP-000739,CUST-0254,2023-07-29,Feature Request,23.79682647725904
SUP-000694,CUST-0235,2023-11-25,Feature Request,0.5
SUP-000451,CUST-0159,2023-08-14,Bug,15.318620257054974
SUP-000059,CUST-0019,2024-02-06,Onboarding,20.309496444635634
SUP-000077,CUST-0025,2023-06-20,Bug,0.5
SUP-000917,CUST-0303,2024-06-02,Bug,9.740111884632052
SUP-000653,CUST-0219,2023-10-26,Onboarding,5.446602277067418
SUP-000592,CUST-0198,2023-10-29,Bug,4.655542535986586
SUP-001124,CUST-0375,2024-05-16,Bug,2.3202205886338447
SUP-000957,CUST-0321,2024-02-18,Bug,19.274197213800733
SUP-000273,CUST-0097,2023-10-16,Feature Request,11.611594896308835
SUP-000450,CUST-0159,2024-05-21,Feature Request,24.618427550221703
SUP-000927,CUST-0309,2024-03-05,Onboarding,0.5
SUP-000747,CUST-0256,2024-02-03,Feature Request,24.581258793248026
SUP-000548,CUST-0187,2024-06-22,Bug,21.354402987700244
SUP-000337,CUST-0118,2023-06-01,Feature Request,18.08472378555726
SUP-000100,CUST-0031,2024-04-26,Onboarding,16.539986520255265
SUP-000065,CUST-0021,2023-06-02,Bug,19.14360962550745
SUP-000541,CUST-0186,2023-09-28,Bug,24.451283217628735
SUP-000507,CUST-0177,2023-11-13,Billing,1.5533357261272354
SUP-000136,CUST-0046,2023-11-02,Bug,0.5
SUP-000883,CUST-0293,2024-02-25,Onboarding,24.09816111879608
SUP-000609,CUST-0205,2024-05-04,Feature Request,1.7921896308737875
SUP-000926,CUST-0309,2023-09-27,Feature Request,5.116266801126357
SUP-000460,CUST-0161,2023-09-25,Bug,20.64858189938879
SUP-000351,CUST-0124,2024-04-24,Bug,10.130935140173467
SUP-000054,CUST-0017,2024-04-09,Onboarding,30.32178358779377
SUP-000172,CUST-0060,2024-04-17,Feature Request,9.023379638979183
SUP-001062,CUST-0360,2023-08-19,Bug,4.4236639196560645
SUP-001025,CUST-0348,2023-08-16,Feature Request,18.5357989699879
SUP-000552,CUST-0188,2023-10-22,Feature Request,34.580530823467825
SUP-000076,CUST-0024,2023-08-24,Bug,
SUP-000923,CUST-0306,2024-02-19,Billing,5.827819161627859
SUP-000184,CUST-0064,2023-07-23,Bug,13.508880872484491
SUP-000112,CUST-0036,2023-12-23,Bug,20.420524739330567
SUP-000232,CUST-0079,2023-11-17,Billing,14.82599196939233
SUP-000779,CUST-0265,2024-03-01,Feature Request,12.498391222374966
SUP-000899,CUST-0298,2023-12-22,Feature Request,15.076085070951137
SUP-001031,CUST-0350,2024-05-16,Bug,37.1000065662146
SUP-000191,CUST-0067,2023-09-24,Onboarding,0.5
SUP-000889,CUST-0295,2024-05-28,Feature Request,22.31501910436701
SUP-000035,CUST-0013,2024-03-20,Onboarding,15.799425654077375
SUP-000605,CUST-0204,2023-10-20,Onboarding,27.52709724219812
SUP-000774,CUST-0263,2024-03-09,Onboarding,5.97587683195392
SUP-000256,CUST-0091,2023-11-19,Onboarding,11.99195601686507
SUP-000247,CUST-0087,2024-01-22,Billing,23.50171408516519
SUP-000582,CUST-0196,2024-03-20,Onboarding,
SUP-000355,CUST-0126,2023-11-10,Bug,7.668590339123311
SUP-000452,CUST-0159,2023-12-31,Bug,26.28695481050565
SUP-000031,CUST-0011,2023-11-18,Feature Request,11.574852608390536
SUP-000698,CUST-0236,2023-06-26,Bug,17.90807358868711
SUP-000436,CUST-0154,2023-09-03,Feature Request,13.650797715776045
SUP-000453,CUST-0159,2024-06-27,Billing,22.0896294980315
SUP-000753,CUST-0259,2024-04-18,Billing,10.037244993396136
SUP-000822,CUST-0276,2024-01-13,Bug,12.501430657349374
SUP-000709,CUST-0240,2024-01-11,Bug,17.970413776210655
SUP-000033,CUST-0011,2023-07-28,Billing,25.127203087167285
SUP-001072,CUST-0362,2023-06-08,Onboarding,25.062382345831335
SUP-000384,CUST-0137,2023-08-01,Billing,13.116593929105305
SUP-000149,CUST-0050,2024-04-30,Billing,8.266861268999989
SUP-000833,CUST-0279,2024-05-17,Feature Request,8.301020996261876
SUP-000299,CUST-0104,2024-05-23,Billing,17.872771118080443
SUP-000185,CUST-0065,2023-07-20,Billing,33.076776751067435
SUP-000455,CUST-0160,2024-02-21,Billing,1.365663114036022
SUP-000964,CUST-0325,2023-06-12,Feature Request,11.462469208396522
SUP-000737,CUST-0251,2024-03-25,Onboarding,36.23270856246249
SUP-000430,CUST-0152,2023-12-11,Billing,2.52125358429963
SUP-000844,CUST-0281,2023-12-06,Bug,30.71654739261574
SUP-000870,CUST-0288,2023-12-07,Billing,11.64445269080797
SUP-001023,CUST-0347,2023-07-09,Feature Request,24.89694921866169
SUP-000390,CUST-0139,2023-06-30,Feature Request,10.264727120727573
SUP-000292,CUST-0101,2023-09-21,Feature Request,27.661024284635914
SUP-000738,CUST-0252,2023-10-06,Onboarding,9.805189014903839
SUP-000049,CUST-0015,2024-04-14,Bug,20.23875002383034
SUP-000635,CUST-0214,2024-02-27,Feature Request,14.780179276680443
SUP-000156,CUST-0055,2024-06-23,Feature Request,4.161735418874065
SUP-000511,CUST-0178,2024-01-28,Onboarding,33.2130245188878
SUP-000160,CUST-0056,2023-08-26,Feature Request,36.7694346391945
SUP-000406,CUST-0145,2024-02-08,Bug,9.648760305492432
SUP-000701,CUST-0237,2023-07-05,Bug,4.034016884328338
SUP-000538,CUST-0186,2024-06-20,Feature Request,13.884590061455693
SUP-000226,CUST-0077,2023-11-17,Feature Request,0.5
SUP-000325,CUST-0112,2024-01-15,Onboarding,5.792056617685592
SUP-000088,CUST-0028,2023-11-19,Feature Request,15.402404782285505
SUP-000730,CUST-0247,2024-01-30,Billing,0.5
SUP-000134,CUST-0045,2023-08-20,Billing,15.015341591024258
SUP-000356,CUST-0127,2023-11-28,Bug,7.108217422536458
SUP-000874,CUST-0288,2023-08-07,Billing,10.952018144951523
SUP-000200,CUST-0069,2024-04-10,Billing,18.6274187741592
SUP-001159,CUST-0391,2024-02-03,Billing,1.1404228219659451
SUP-000020,CUST-0006,2023-12-12,Billing,1.4622159271491268
SUP-000052,CUST-0016,2023-07-08,Feature Request,30.13775551047513
SUP-000959,CUST-0322,2023-06-23,Onboarding,5.7372422701395696
SUP-000550,CUST-0188,2024-03-13,Billing,36.46646753593795
SUP-000334,CUST-0118,2024-04-18,Billing,
SUP-000798,CUST-0270,2024-06-11,Feature Request,12.55362740626757
SUP-000223,CUST-0076,2024-06-14,Onboarding,11.389682552117854
SUP-000073,CUST-0023,2023-11-16,Bug,30.369093466923907
SUP-000089,CUST-0028,2024-05-17,Billing,15.052623684860972
SUP-000584,CUST-0196,2023-11-30,Feature Request,2.337911572394387
SUP-001117,CUST-0373,2023-10-03,Onboarding,18.055851631169112
SUP-000576,CUST-0194,2023-10-04,Feature Request,10.84759153640546
SUP-000516,CUST-0179,2023-07-06,Onboarding,15.876211595039626
SUP-000034,CUST-0012,2023-09-14,Onboarding,17.118253488204836
SUP-000909,CUST-0302,2024-05-03,Feature Request,20.96694870007906
SUP-000680,CUST-0230,2024-02-09,Onboarding,20.14462218653028
SUP-000344,CUST-0120,2023-08-21,Feature Request,17.66306953744072
SUP-000484,CUST-0167,2023-11-29,Bug,9.187803174213222
SUP-000445,CUST-0157,2024-05-18,Feature Request,28.99514797411113
SUP-000984,CUST-0330,2023-11-15,Feature Request,1.6268368049213722
SUP-000414,CUST-0147,2023-11-08,Bug,32.42430440664603
SUP-000252,CUST-0088,2023-10-17,Bug,0.5
SUP-000199,CUST-0068,2024-06-20,Billing,5.311913524160808
SUP-000458,CUST-0160,2024-01-05,Onboarding,1.0606766680583273
SUP-000995,CUST-0333,2023-07-21,Feature Request,12.354794187955877
SUP-000509,CUST-0178,2023-10-14,Onboarding,24.894076245758608
SUP-000668,CUST-0225,2023-09-25,Bug,5.776237800850329
SUP-001005,CUST-0341,2023-06-18,Billing,0.5
SUP-000936,CUST-0314,2023-10-28,Billing,6.112235576030142
SUP-000678,CUST-0229,2023-10-21,Bug,14.890663447379518
SUP-000619,CUST-0207,2023-10-15,Billing,16.068126646480707
SUP-000240,CUST-0083,2023-11-13,Feature Request,15.50245973906929
SUP-000705,CUST-0239,2023-06-20,Billing,13.881081668068505
SUP-000756,CUST-0260,2023-07-01,Billing,0.5
SUP-000958,CUST-0321,2024-06-05,Feature Request,
SUP-000980,CUST-0329,2024-01-30,Onboarding,14.598423043936126
SUP-000053,CUST-0016,2024-01-14,Feature Request,10.247673481772024
SUP-000018,CUST-0006,2024-03-16,Feature Request,1.2256866966514526
SUP-000636,CUST-0214,2024-01-26,Feature Request,22.449013786908374
SUP-000620,CUST-0207,2023-11-17,Feature Request,11.403503463467853
SUP-000215,CUST-0073,2023-12-07,Feature Request,15.769989906558314
SUP-000796,CUST-0270,2024-01-20,Bug,9.12512529098395
SUP-000332,CUST-0116,2023-09-10,Bug,9.008251152656822
SUP-000579,CUST-0195,2024-02-13,Bug,0.5
SUP-000862,CUST-0286,2023-06-23,Billing,19.392952305681355
SUP-000051,CUST-0016,2023-12-01,Bug,8.570710851652972
SUP-000974,CUST-0327,2023-10-13,Billing,16.354624233348154
SUP-000840,CUST-0281,2023-06-28,Feature Request,33.65954693158926
SUP-000274,CUST-0097,2023-10-30,Billing,13.198028237368602
SUP-000704,CUST-0239,2024-05-25,Onboarding,9.342177911015451
SUP-000403,CUST-0143,2024-02-12,Billing,0.5
SUP-000791,CUST-0267,2024-05-16,Feature Request,1.973107778157459
SUP-000479,CUST-0166,2023-09-01,Bug,24.194185936271154
SUP-000513,CUST-0179,2024-06-24,Billing,
SUP-000786,CUST-0266,2024-01-20,Billing,14.95903853076764
SUP-000143,CUST-0049,2024-04-29,Billing,9.610229959866732
SUP-001108,CUST-0372,2024-04-27,Billing,0.5
SUP-000257,CUST-0091,2023-10-02,Feature Request,13.848811225477746
SUP-000788,CUST-0266,2024-04-15,Feature Request,2.1373537016117403
SUP-000545,CUST-0187,2024-06-22,Billing,15.171584285196378
SUP-000752,CUST-0259,2023-08-14,Feature Request,8.97454155472899
SUP-000846,CUST-0282,2024-04-03,Billing,4.9562129185933275
SUP-000960,CUST-0322,2024-01-15,Onboarding,0.5
SUP-000258,CUST-0093,2023-08-27,Bug,18.088750893279
SUP-000016,CUST-0004,2024-06-18,Feature Request,20.7301529839309
SUP-000187,CUST-0066,2024-02-08,Billing,19.921525805235852
SUP-000371,CUST-0131,2024-04-21,Onboarding,0.5
SUP-000771,CUST-0263,2023-11-16,Billing,0.5
SUP-000197,CUST-0068,2024-02-07,Billing,12.489528510416847
SUP-000432,CUST-0152,2023-07-12,Billing,7.400377291835418
SUP-000146,CUST-0050,2023-08-06,Feature Request,14.939002548113926
SUP-000961,CUST-0322,2023-08-01,Bug,0.5
SUP-000740,CUST-0254,2023-10-08,Feature Request,40.869628913171034
SUP-000017,CUST-0004,2024-02-27,Onboarding,4.056064725640931
SUP-000835,CUST-0279,2023-08-09,Billing,18.79545354495908
SUP-000860,CUST-0286,2023-07-08,Billing,9.08816250899764
SUP-000013,CUST-0004,2024-01-25,Onboarding,9.456494416951404
SUP-000238,CUST-0083,2023-10-09,Onboarding,12.179522982768727
SUP-000914,CUST-0303,2023-10-18,Onboarding,8.728893387877264
SUP-000221,CUST-0075,2024-01-18,Onboarding,22.085003350827506
SUP-001106,CUST-0370,2024-03-21,Bug,18.81246497256985
SUP-000761,CUST-0261,2024-06-27,Feature Request,0.5
SUP-000259,CUST-0093,2023-10-28,Bug,11.482125836355422
SUP-000231,CUST-0079,2024-02-06,Bug,21.18421309011891
SUP-000562,CUST-0190,2023-07-29,Bug,15.812425554331647
SUP-000806,CUST-0272,2023-12-24,Bug,6.251180571843968
SUP-000941,CUST-0316,2023-07-27,Billing,17.236343315474883
SUP-000359,CUST-0128,2024-05-30,Onboarding,0.5
SUP-000025,CUST-0008,2023-06-05,Onboarding,1.7870967196346668
SUP-001150,CUST-0388,2023-09-15,Bug,2.0770782337443983
SUP-000250,CUST-0087,2023-08-30,Feature Request,17.618569150996
SUP-000084,CUST-0027,2024-03-19,Feature Request,11.424964569324368
SUP-000446,CUST-0158,2023-06-02,Feature Request,22.97535991641528
SUP-000392,CUST-0140,2024-02-01,Billing,11.80120564844725
SUP-000651,CUST-0219,2023-11-03,Feature Request,10.332591322159642
SUP-000058,CUST-0019,2023-07-29,Bug,37.26009104078386
SUP-001157,CUST-0389,2023-12-22,Billing,9.450196038166023
SUP-000938,CUST-0316,2024-03-28,Onboarding,16.085319826412174
SUP-000405,CUST-0145,2023-08-20,Onboarding,15.86425616612076
SUP-000985,CUST-0330,2024-02-17,Feature Request,4.62955171243226
SUP-000544,CUST-0187,2024-04-18,Bug,12.567700174584088
SUP-000377,CUST-0133,2023-07-20,Onboarding,16.50340139362666
SUP-000944,CUST-0317,2024-04-09,Feature Request,14.026435561352727
SUP-000950,CUST-0319,2023-06-28,Feature Request,6.977241235728281
SUP-000971,CUST-0326,2023-06-12,Onboarding,16.817780459406528
SUP-001088,CUST-0366,2023-09-20,Bug,8.135493728090756
SUP-000004,CUST-0001,2024-05-15,Onboarding,27.618566099825713
SUP-000486,CUST-0169,2024-02-27,Bug,0.5
SUP-001028,CUST-0350,2023-08-30,Feature Request,28.704256620661038
SUP-000323,CUST-0111,2024-02-21,Billing,24.47470677131379
SUP-000396,CUST-0141,2024-04-04,Billing,26.555394818707146
SUP-000758,CUST-0260,2023-07-21,Feature Request,0.5
SUP-000028,CUST-0009,2023-07-14,Bug,14.05209871195185
SUP-000850,CUST-0283,2024-02-14,Onboarding,0.5
SUP-000839,CUST-0281,2024-03-04,Billing,40.89634540533039
SUP-001144,CUST-0386,2023-07-24,Billing,6.524171611802445
SUP-000778,CUST-0264,2023-12-29,Feature Request,17.32501893892049
SUP-000349,CUST-0124,2023-11-19,Billing,17.612476863017193
SUP-000575,CUST-0194,2024-06-17,Feature Request,0.5
SUP-000782,CUST-0265,2024-03-16,Onboarding,7.13308040865744
SUP-000057,CUST-0017,2023-09-24,Billing,33.17416783997181
SUP-000137,CUST-0046,2024-06-24,Bug,15.833227189664019
SUP-000558,CUST-0189,2023-08-10,Billing,27.53744094136859
SUP-000106,CUST-0033,2024-06-22,Billing,15.165228674436639
SUP-001040,CUST-0353,2023-06-11,Billing,0.5
SUP-000276,CUST-0098,2023-08-08,Feature Request,10.350848130552889
SUP-001018,CUST-0346,2023-10-21,Onboarding,17.37119461430716
SUP-000336,CUST-0118,2024-06-06,Bug,8.263645523651922
SUP-000483,CUST-0167,2024-02-23,Feature Request,4.321709307971995
SUP-000838,CUST-0280,2024-05-29,Billing,6.308588768640939
SUP-000931,CUST-0310,2024-03-27,Onboarding,
SUP-001151,CUST-0388,2024-02-16,Bug,6.423173523144401
SUP-000475,CUST-0165,2023-06-25,Bug,0.5
SUP-001014,CUST-0345,2024-06-22,Feature Request,14.824416668840284
SUP-000218,CUST-0074,2024-04-12,Feature Request,16.43220450062065
SUP-000158,CUST-0055,2023-11-09,Feature Request,15.379097446599069
SUP-000154,CUST-0053,2023-06-22,Billing,8.161086043815631
SUP-000534,CUST-0184,2024-06-06,Billing,7.558825440427352
SUP-000628,CUST-0211,2024-06-23,Bug,27.993957795084498
SUP-000823,CUST-0276,2023-09-23,Feature Request,6.752567849905189
SUP-000342,CUST-0120,2023-07-07,Bug,5.095622515586912
SUP-000148,CUST-0050,2023-07-04,Bug,13.023974257139407
SUP-000837,CUST-0279,2023-11-27,Feature Request,20.76760481788626
SUP-000750,CUST-0259,2023-10-31,Bug,16.49787828062592
SUP-000924,CUST-0308,2024-03-18,Feature Request,21.11670396149549
SUP-000828,CUST-0277,2024-01-05,Billing,17.282480934569207
SUP-001067,CUST-0361,2024-03-17,Onboarding,5.375581656557478
SUP-000132,CUST-0044,2024-03-29,Bug,19.089238209600886
SUP-000413,CUST-0147,2024-01-22,Bug,27.95290753491147
SUP-000906,CUST-0300,2024-03-23,Billing,11.03670623385479
SUP-000925,CUST-0308,2023-07-15,Billing,19.570432946060055
SUP-000082,CUST-0027,2023-08-27,Feature Request,1.643422480654662
SUP-000086,CUST-0028,2023-11-25,Billing,16.25570683161966
SUP-000880,CUST-0290,2023-12-29,Feature Request,17.687802656688447
SUP-000859,CUST-0285,2024-01-02,Billing,12.239587619428685
SUP-000108,CUST-0033,2023-10-31,Billing,9.024470039000299
SUP-000159,CUST-0056,2023-12-25,Feature Request,20.34579717958751
SUP-000543,CUST-0186,2023-08-22,Bug,17.75645374654856
SUP-000978,CUST-0327,2024-03-08,Billing,0.5
SUP-000308,CUST-0106,2023-07-26,Onboarding,4.524543708709921
SUP-000991,CUST-0331,2024-02-08,Billing,7.918243687142198
SUP-000655,CUST-0220,2024-05-29,Onboarding,18.036136718266878
SUP-000896,CUST-0296,2024-03-23,Bug,2.2960298581078487
SUP-000532,CUST-0183,2024-06-23,Bug,24.14932280649881
SUP-000675,CUST-0228,2023-11-21,Onboarding,24.366588571014447
SUP-001066,CUST-0361,2024-01-31,Bug,8.89203825157516
SUP-000072,CUST-0023,2023-12-18,Onboarding,16.18549659505014
SUP-000708,CUST-0239,2024-02-28,Billing,3.107559202541198
SUP-000953,CUST-0321,2023-12-05,Billing,32.67362516124562
SUP-000423,CUST-0150,2024-05-24,Onboarding,11.750297901746237
SUP-000152,CUST-0051,2023-10-16,Feature Request,0.5
SUP-000080,CUST-0027,2023-08-22,Feature Request,15.433944631718923
SUP-000393,CUST-0140,2023-10-07,Billing,8.110829011035342
SUP-000213,CUST-0073,2023-09-12,Feature Request,9.858301410173084
SUP-000115,CUST-0037,2023-07-02,Onboarding,21.8429691814366
SUP-000982,CUST-0329,2023-09-16,Onboarding,16.715925564670478
SUP-000777,CUST-0264,2023-10-31,Onboarding,25.100284198101093
SUP-000147,CUST-0050,2024-05-13,Feature Request,0.5
SUP-000182,CUST-0063,2023-07-28,Feature Request,24.9900506290115
SUP-001132,CUST-0379,2023-06-11,Feature Request,11.62800210138571
SUP-000721,CUST-0245,2023-08-13,Billing,15.642594786700363
SUP-000178,CUST-0063,2023-09-04,Onboarding,22.08784939347366
SUP-000819,CUST-0275,2024-06-12,Bug,20.87681016082571
SUP-000557,CUST-0189,2024-02-12,Feature Request,23.715884904735525
SUP-000641,CUST-0215,2023-06-19,Onboarding,9.588260571986057
SUP-000690,CUST-0233,2024-05-17,Onboarding,17.364095223565382
SUP-000573,CUST-0193,2023-08-30,Onboarding,7.214326665142606
SUP-000478,CUST-0166,2024-03-09,Onboarding,2.7224011835460766
SUP-000519,CUST-0181,2023-06-02,Feature Request,19.366055061899527
SUP-000947,CUST-0318,2023-09-04,Onboarding,20.59961640318386
SUP-000441,CUST-0156,2024-03-19,Bug,4.291239745361516
SUP-000787,CUST-0266,2023-09-03,Billing,12.621932315614412
SUP-000520,CUST-0181,2024-05-31,Bug,17.149749850704925
SUP-000570,CUST-0193,2023-10-04,Billing,8.103693262672383
SUP-001027,CUST-0348,2024-05-23,Onboarding,18.36204740154716
SUP-001098,CUST-0369,2023-09-27,Bug,12.190241655085778
SUP-000861,CUST-0286,2023-12-05,Bug,20.194045495586156
SUP-001158,CUST-0390,2023-06-06,Bug,11.836582278021368
SUP-000685,CUST-0231,2024-05-05,Onboarding,11.191484537143994
SUP-000734,CUST-0247,2024-05-09,Feature Request,14.882181412981446
SUP-000735,CUST-0249,2024-06-07,Billing,2.3448151824081114
SUP-000287,CUST-0100,2023-10-03,Billing,10.393579529168052
SUP-000904,CUST-0299,2023-08-27,Feature Request,17.74296716283174
SUP-000480,CUST-0166,2024-03-05,Onboarding,0.5
SUP-000117,CUST-0038,2023-09-29,Billing,0.5
SUP-000161,CUST-0056,2024-01-16,Feature Request,24.905719342798694
